{
    "status": "success",
    "success": true,
    "data": [{
        "email": "e18a_jonw_firstwirelessinc.com@mailinator.com",
        "login_id": "jonw@firstwirelessinc.com",
        "last_name": "Wissman",
        "user_type": "PARTNER",
        "first_name": "Jon"
    }, {
        "email": "e18a_jseppala_radioshop.com@mailinator.com",
        "login_id": "jseppala@radioshop.com",
        "last_name": "Seppala",
        "user_type": "PARTNER",
        "first_name": "Jon"
    }, {
        "email": "e18a_brittany_omesbs.com@mailinator.com",
        "login_id": "brittany@omesbs.com",
        "last_name": "Jones",
        "user_type": "PARTNER",
        "first_name": "Brittany"
    }, {
        "email": "e18a_barryelectronics_aol.com@mailinator.com",
        "login_id": "firstvp",
        "last_name": "Siegel",
        "user_type": "PARTNER",
        "first_name": "Jonathan"
    }, {
        "email": "e18a_Sagemoto_hotmail.com@mailinator.com",
        "login_id": "sagemoto@hotmail.com",
        "last_name": "Sage",
        "user_type": "PARTNER",
        "first_name": "Jonathan"
    }, {
        "email": "e18a_jon.breed_worad.com@mailinator.com",
        "login_id": "jonbreed",
        "last_name": "Breed",
        "user_type": "PARTNER",
        "first_name": "Jon"
    }, {
        "email": "e18a_justin_twoway1.com@mailinator.com",
        "login_id": "justin@twoway1.com",
        "last_name": "Jones",
        "user_type": "PARTNER",
        "first_name": "Justin"
    }, {
        "email": "e18a_jon_iciwireless.com@mailinator.com",
        "login_id": "jon@iciwireless.com",
        "last_name": "Ashford",
        "user_type": "PARTNER",
        "first_name": "Jon"
    }, {
        "email": "e18a_jatwood_induscom.com@mailinator.com",
        "login_id": "jatwood@induscom.com",
        "last_name": "Atwood",
        "user_type": "PARTNER",
        "first_name": "Jon"
    }, {
        "email": "e18a_JOANN.JONES_INDUSCOM.COM@mailinator.com",
        "login_id": "jodash",
        "last_name": "JONES",
        "user_type": "PARTNER",
        "first_name": "JO-ANN"
    }, {
        "email": "e18a_jonw_midstateswireless.com@mailinator.com",
        "login_id": "jonw@midstateswireless.com",
        "last_name": "Wiser",
        "user_type": "PARTNER",
        "first_name": "Jon"
    }, {
        "email": "e18a_rjones_baycominc.com@mailinator.com",
        "login_id": "rjones@baycominc.com",
        "last_name": "Jones",
        "user_type": "DIRECT",
        "first_name": "Robert"
    }, {
        "email": "splash_stage_no_myview@mailinator.com",
        "login_id": "splash_stage_no_myview@mailinator.com",
        "last_name": "Winker",
        "user_type": "PARTNER",
        "first_name": "Jonathan"
    }, {
        "email": "e18a_jfavorite_communicationselectronics.com@mailinator.com",
        "login_id": "e18a_jfavorite_communicationselectronics.com@mailinator.com",
        "last_name": "Favorite",
        "user_type": "PARTNER",
        "first_name": "Jonathon"
    }, {
        "email": "e18a_MALINDA.JONES_TELTRONIC.COM@mailinator.com",
        "login_id": "e18a_MALINDA.JONES_TELTRONIC.COM@mailinator.com",
        "last_name": "Jones",
        "user_type": "PARTNER",
        "first_name": "Malinda"
    }, {
        "email": "splash_stagetest_lenghty_wrwap_test_myview@mailinator.com",
        "login_id": "splash_stagetest_lenghty_wrwap_test_myview@mailinator.com",
        "last_name": "JONES SR",
        "user_type": "PARTNER",
        "first_name": "CHUCK"
    }, {
        "email": "splash_stagetest_lenghty_wrwap_test_myview@mailinator.com",
        "login_id": "splash_stagetest_lenghty_wrwap_test_myview@mailinator.com",
        "last_name": "Jones",
        "user_type": "PARTNER",
        "first_name": "Bill"
    }, {
        "email": "e18a_bonniejones_callmc.com@mailinator.com",
        "login_id": "splash_stagetest_lenghty_wrwap_test_myview@mailinator.com",
        "last_name": "Jones",
        "user_type": "PARTNER",
        "first_name": "Bonnie"
    }, {
        "email": "splash_stagetest_lenghty_wrwap_test_myview@mailinator.com",
        "login_id": "splash_stagetest_lenghty_wrwap_test_myview@mailinator.com",
        "last_name": "Ivey",
        "user_type": "PARTNER",
        "first_name": "Jontae"
    },{
        "email": "splash_stagetest_lenghty_wrwap_test_myview@mailinator.com",
        "login_id": "jivey@atlantacomm.com",
        "last_name": "Ivey",
        "user_type": "PARTNER",
        "first_name": "Jontae"
    }, 
        {
        "email": "e18a_jivey_atlantacomm.com@mailinator.com",
        "login_id": "jivey@atlantacomm.com",
        "last_name": "Ivey",
        "user_type": "PARTNER",
        "first_name": "Jontae"
    }, 
        
    {
        "email": "e18a_j.jones_metrocomms.net@mailinator.com",
        "login_id": "j.jones@metrocomms.net",
        "last_name": "Jones",
        "user_type": "PARTNER",
        "first_name": "Jeff"
    }]
}